http://alberta.triplep-staypositive.net/practitioners/,http://triplep.net/glo-en/home/
http://alberta.triplep-staypositive.net/practitioners/about-triple-p/,http://triplep.net/glo-en/find-out-about-triple-p/triple-p-in-a-nutshell/
http://alberta.triplep-staypositive.net/practitioners/about-triple-p/what-is-triplep/,http://triplep.net/glo-en/find-out-about-triple-p/
http://alberta.triplep-staypositive.net/practitioners/about-triple-p/aims/,http://triplep.net/glo-en/find-out-about-triple-p/triple-p-in-a-nutshell/aims/
http://alberta.triplep-staypositive.net/practitioners/about-triple-p/levels-and-courses/,http://triplep.net/glo-en/the-triple-p-system-at-work/the-system-explained/
http://alberta.triplep-staypositive.net/practitioners/about-triple-p/proven-to-work/,http://triplep.net/glo-en/the-triple-p-system-at-work/evidence-based/key-research-findings/
http://alberta.triplep-staypositive.net/practitioners/about-triple-p/what-the-experts-say/,http://triplep.net/glo-en/the-triple-p-system-at-work/evidence-based/what-the-experts-say/
http://alberta.triplep-staypositive.net/practitioners/about-triple-p/what-parents-say/,http://triplep.net/glo-en/find-out-about-triple-p/changing-lives/read-what-parents-say/
http://alberta.triplep-staypositive.net/practitioners/delivering-triplep/,http://triplep.net/glo-en/getting-started-with-triple-p/
http://alberta.triplep-staypositive.net/practitioners/delivering-triplep/resources/,http://triplep.net/glo-en/the-triple-p-system-at-work/training-and-delivery/resources/
http://alberta.triplep-staypositive.net/practitioners/delivering-triple-p/referrals/,http://triplep.net/glo-en/getting-started-with-triple-p/train-your-staff-population-approach/the-triple-p-system-table/
http://alberta.triplep-staypositive.net/practitioners/delivering-triplep/becoming-a-triplep-practitioner/,http://triplep.net/glo-en/getting-started-with-triple-p/
http://alberta.triplep-staypositive.net/practitioners/delivering-triplep/the-triplep-system/,http://triplep.net/glo-en/the-triple-p-system-at-work/the-system-explained/
http://alberta.triplep-staypositive.net/practitioners/about-us/,http://triplep.net/glo-en/contact/
http://alberta.triplep-staypositive.net/practitioners/about-us/local-about-us/,http://triplep.net/glo-en/contact/local-contacts/
http://alberta.triplep-staypositive.net/practitioners/about-us/about-professor-matt-sanders/,http://triplep.net/glo-en/behind-the-scenes/professor-matt-sanders/
http://alberta.triplep-staypositive.net/practitioners/faq/,http://triplep.net/glo-en/triple-p-at-a-glance/
http://alberta.triplep-staypositive.net/practitioners/links/,http://triplep.net/glo-en/contact/
http://alberta.triplep-staypositive.net/practitioners/find-a-session/home/,http://www.triplep-parenting.net/alb-en/get-help/find-a-triple-p-session/
http://alberta.triplep-staypositive.net/practitioners/news/,http://www.triplep-parenting.net/alb-en/news/
http://alberta.triplep-staypositive.net/practitioners/news/worldnews/,http://triplep.net/glo-en/find-out-about-triple-p/news/
http://alberta.triplep-staypositive.net/practitioners/news/podcasts/,http://www.triplep-parenting.net/alb-en/positive-parenting/triple-p-podcasts/
http://alberta.triplep-staypositive.net/practitioners/news/television/,http://triplep.net/glo-en/find-out-about-triple-p/changing-lives/driving-mum-and-dad-mad/
http://alberta.triplep-staypositive.net/practitioners/contact/,http://triplep.net/glo-en/contact/local-contacts/
http://alberta.triplep-staypositive.net/practitioners/contact/form/,http://triplep.net/glo-en/contact/